Epoch,Train Acc,Val Acc,Val H-Score,Val OSCR
1,0.10552763819095477,0.13498676770497858,0.0,-0.8500576701268743
