Epoch,Train Acc,Val Acc,Val H-Score,Val OSCR
1,0.1792279411764706,0.18668831168831168,0.0,0.18668831168831168
2,0.22518382352941177,0.21103896103896103,0.0,0.21103896103896103
3,0.25974264705882355,0.2597402597402597,0.0,0.2597402597402597
4,0.28198529411764706,0.30357142857142855,0.0,0.30357142857142855
5,0.28988970588235297,0.3116883116883117,0.0,0.3116883116883117
6,0.2974264705882353,0.33116883116883117,0.0,0.33116883116883117
