Epoch,Train Acc,Val Acc,Val H-Score,Val OSCR
1,0.174609375,0.18181818181818182,0.0,0.18181818181818182
2,0.2080078125,0.2077922077922078,0.0,0.2077922077922078
