Epoch,Train Acc,Val Acc,Val H-Score,Val OSCR
1,0.21372767857142858,0.22402597402597402,0.0,0.22402597402597402
